StartDate,EndDate,Status,IPAddress,Progress,Duration (in seconds),Finished,RecordedDate,ResponseId,RecipientLastName,RecipientFirstName,RecipientEmail,ExternalReference,LocationLatitude,LocationLongitude,DistributionChannel,UserLanguage,F_Name,L_Name,DOB#1_1,DOB#2_1,DOB#3_1,PHQ-9_1,PHQ-9_2,PHQ-9_3,PHQ-9_4,PHQ-9_5,PHQ-9_6,PHQ-9_7,PHQ-9_8,PHQ-9_9,PHQ-9_Add,GAD-7_1,GAD-7_2,GAD-7_3,GAD-7_4,GAD-7_5,GAD-7_6,GAD-7_7,GAD-7_Add,Add_Info
Start Date,End Date,Response Type,IP Address,Progress,Duration (in seconds),Finished,Recorded Date,Response ID,Recipient Last Name,Recipient First Name,Recipient Email,External Data Reference,Location Latitude,Location Longitude,Distribution Channel,User Language,1. What your legal first name?,2. What is your legal last name?,3. What is your legal date of birth? - Month - Please select,3. What is your legal date of birth? - Day - Please select,3. What is your legal date of birth? - Year - Please select,"PHQ-9

4. Over the last 2 weeks, how often have you been bothered by any of the following problems? - Little interest or pleasure in doing things","PHQ-9

4. Over the last 2 weeks, how often have you been bothered by any of the following problems? - Feeling down, depressed, or hopeless","PHQ-9

4. Over the last 2 weeks, how often have you been bothered by any of the following problems? - Trouble falling or staying asleep, or sleeping too much","PHQ-9

4. Over the last 2 weeks, how often have you been bothered by any of the following problems? - Feeling tired or having little energy","PHQ-9

4. Over the last 2 weeks, how often have you been bothered by any of the following problems? - Poor appetite or overeating","PHQ-9

4. Over the last 2 weeks, how often have you been bothered by any of the following problems? - Feeling bad about yourself — or that you are a failure or have let yourself or your family down","PHQ-9

4. Over the last 2 weeks, how often have you been bothered by any of the following problems? - Trouble concentrating on things, such as reading the newspaper or watching television","PHQ-9

4. Over the last 2 weeks, how often have you been bothered by any of the following problems? - Moving or speaking so slowly that other people could have noticed? Or the opposite — being so fidgety or restless that you have been moving around a lot more than usual","PHQ-9

4. Over the last 2 weeks, how often have you been bothered by any of the following problems? - Thoughts that you would be better off dead or of hurting yourself in some way","4a. How difficult have these problems made it for you to do your
work, take care of things at home, or get along with other people?","GAD-7

5. Over the last 2 weeks, how often have you been bothered by any of the following problems? - Feeling nervous, anxious, or on edge","GAD-7

5. Over the last 2 weeks, how often have you been bothered by any of the following problems? - Not being able to stop or control worrying","GAD-7

5. Over the last 2 weeks, how often have you been bothered by any of the following problems? - Worrying too much about different things","GAD-7

5. Over the last 2 weeks, how often have you been bothered by any of the following problems? - Trouble relaxing","GAD-7

5. Over the last 2 weeks, how often have you been bothered by any of the following problems? - Being so restless that it is hard to sit still","GAD-7

5. Over the last 2 weeks, how often have you been bothered by any of the following problems? - Becoming easily annoyed or irritable","GAD-7

5. Over the last 2 weeks, how often have you been bothered by any of the following problems? - Feeling afraid, as if something awful might happen","5a. How difficult have these problems made it for you to do your
work, take care of things at home, or get along with other people?",6. Please describe any specific stressors or changes in your mental health that you think are important for us to know.
"{""ImportId"":""startDate"",""timeZone"":""Z""}","{""ImportId"":""endDate"",""timeZone"":""Z""}","{""ImportId"":""status""}","{""ImportId"":""ipAddress""}","{""ImportId"":""progress""}","{""ImportId"":""duration""}","{""ImportId"":""finished""}","{""ImportId"":""recordedDate"",""timeZone"":""Z""}","{""ImportId"":""_recordId""}","{""ImportId"":""recipientLastName""}","{""ImportId"":""recipientFirstName""}","{""ImportId"":""recipientEmail""}","{""ImportId"":""externalDataReference""}","{""ImportId"":""locationLatitude""}","{""ImportId"":""locationLongitude""}","{""ImportId"":""distributionChannel""}","{""ImportId"":""userLanguage""}","{""ImportId"":""QID6_TEXT""}","{""ImportId"":""QID7_TEXT""}","{""ImportId"":""QID1718155243#1_1""}","{""ImportId"":""QID1718155243#2_1""}","{""ImportId"":""QID1718155243#3_1""}","{""ImportId"":""QID4_1""}","{""ImportId"":""QID4_2""}","{""ImportId"":""QID4_3""}","{""ImportId"":""QID4_4""}","{""ImportId"":""QID4_5""}","{""ImportId"":""QID4_6""}","{""ImportId"":""QID4_7""}","{""ImportId"":""QID4_8""}","{""ImportId"":""QID4_9""}","{""ImportId"":""QID1""}","{""ImportId"":""QID27_1""}","{""ImportId"":""QID27_2""}","{""ImportId"":""QID27_3""}","{""ImportId"":""QID27_4""}","{""ImportId"":""QID27_5""}","{""ImportId"":""QID27_6""}","{""ImportId"":""QID27_7""}","{""ImportId"":""QID28""}","{""ImportId"":""QID30_TEXT""}"
2024-08-15 03:03:10,2024-08-15 03:04:52,Survey Preview,,100,101,True,2024-08-15 03:04:52,R_7l6ochnzHTcEZbj,,,,,37.423,-122.1639,preview,EN,Max,Lee,February,4,2002,More than half the days,More than half the days,More than half the days,Several days,Several days,Several days,Several days,More than half the days,Nearly every day,Somewhat difficult,More than half the days,More than half the days,Several days,Nearly every day,More than half the days,More than half the days,Nearly every day,Very difficult,Feeling isolated and anxious about job security. The prolonged quarantine has affected my mental health and financial stability.
2024-08-15 03:07:14,2024-08-15 03:08:14,Survey Preview,,100,59,True,2024-08-15 03:08:14,R_71hZi1jox9IZGlL,,,,,37.423,-122.1639,preview,EN,Jennifer,Gomez,October,17,1994,More than half the days,More than half the days,Nearly every day,Nearly every day,Nearly every day,Nearly every day,Nearly every day,More than half the days,Nearly every day,Very difficult,More than half the days,More than half the days,More than half the days,More than half the days,More than half the days,More than half the days,More than half the days,Very difficult,I lost my job due to COVID-19. Struggling to find a new one. The uncertainty is overwhelming.
2024-08-15 03:08:20,2024-08-15 03:09:25,Survey Preview,,100,64,True,2024-08-15 03:09:25,R_7yefcEdN5mVMDSB,,,,,37.423,-122.1639,preview,EN,Danny,Du,November,29,1981,Several days,Several days,More than half the days,More than half the days,Nearly every day,More than half the days,Several days,Several days,More than half the days,Somewhat difficult,Nearly every day,Nearly every day,Nearly every day,Nearly every day,Nearly every day,Nearly every day,Nearly every day,Somewhat difficult,The pandemic has made me feel trapped at home. I'm constantly worried about my family's health and the future.
2024-08-15 03:09:59,2024-08-15 03:17:38,Survey Preview,,100,458,True,2024-08-15 03:17:38,R_72mVA69AsT1F7GV,,,,,37.423,-122.1639,preview,EN,Kian,McDonald,August,2,1963,More than half the days,More than half the days,Several days,Nearly every day,Nearly every day,More than half the days,More than half the days,Several days,Nearly every day,Very difficult,Nearly every day,More than half the days,Nearly every day,More than half the days,Nearly every day,Nearly every day,Nearly every day,Very difficult,"The news is all bad. I've been laid off, and it's hard to stay positive. My anxiety is through the roof."
2024-08-15 03:17:49,2024-08-15 03:19:41,Survey Preview,,100,111,True,2024-08-15 03:19:42,R_7EhYg3iglUgedFA,,,,,37.423,-122.1639,preview,EN,Tatsumoto,Hashinori,June,28,1984,Nearly every day,More than half the days,Several days,More than half the days,More than half the days,Several days,Nearly every day,More than half the days,More than half the days,Somewhat difficult,More than half the days,Nearly every day,More than half the days,Nearly every day,Nearly every day,Nearly every day,More than half the days,Somewhat difficult,COVID-19 has impacted my life in every way. I feel hopeless and anxious all the time.
2024-08-15 03:19:49,2024-08-15 03:21:44,Survey Preview,,100,115,True,2024-08-15 03:21:45,R_7OpEs8mpvSzExVa,,,,,37.423,-122.1639,preview,EN,Joshua,Devencenzi,February,14,1974,Nearly every day,More than half the days,More than half the days,More than half the days,Nearly every day,More than half the days,More than half the days,Nearly every day,Nearly every day,Somewhat difficult,Nearly every day,Nearly every day,Nearly every day,Nearly every day,More than half the days,Several days,Nearly every day,Very difficult,Quarantine is unbearable. I'm worried about paying bills and feeding my family. I feel depressed and anxious.
2024-08-15 03:21:51,2024-08-15 03:27:03,Survey Preview,,100,312,True,2024-08-15 03:27:04,R_7EmWYALrPuBfv8F,,,,,37.423,-122.1639,preview,EN,Maxmillain,Baldwin,December,27,1993,Nearly every day,Nearly every day,Several days,More than half the days,Several days,Several days,Nearly every day,More than half the days,More than half the days,Extremely difficult,Nearly every day,Nearly every day,Nearly every day,More than half the days,More than half the days,More than half the days,More than half the days,Somewhat difficult,The pandemic has increased my stress levels. I'm constantly worrying about my elderly parents and their health.
2024-08-15 03:27:20,2024-08-15 03:28:19,Survey Preview,,100,59,True,2024-08-15 03:28:20,R_7tc0HJB7suisDkt,,,,,37.423,-122.1639,preview,EN,Kaleb,Cowell,April,1,1990,More than half the days,More than half the days,More than half the days,More than half the days,More than half the days,More than half the days,More than half the days,More than half the days,More than half the days,Very difficult,More than half the days,More than half the days,More than half the days,Several days,More than half the days,Several days,More than half the days,Very difficult,Lost my part-time job due to COVID-19. It has left me feeling anxious and depressed about my future.
2024-08-15 03:28:23,2024-08-15 03:29:31,Survey Preview,,100,67,True,2024-08-15 03:29:31,R_7Pi0ivpc2CQBwlk,,,,,37.423,-122.1639,preview,EN,Alex,Wang,May,13,1977,More than half the days,Several days,Nearly every day,More than half the days,Nearly every day,More than half the days,Nearly every day,More than half the days,Nearly every day,Very difficult,Nearly every day,Nearly every day,Nearly every day,Nearly every day,Nearly every day,Nearly every day,Nearly every day,Very difficult,Isolation is getting to me. I miss social interactions and fear what will happen next.
2024-08-15 03:29:45,2024-08-15 03:32:44,Survey Preview,,100,178,True,2024-08-15 03:32:45,R_7YmiI28KKqOCoh5,,,,,37.423,-122.1639,preview,EN,Kelly,Choi,April,30,2001,Nearly every day,More than half the days,Nearly every day,More than half the days,More than half the days,More than half the days,More than half the days,Nearly every day,More than half the days,Somewhat difficult,More than half the days,More than half the days,More than half the days,More than half the days,More than half the days,More than half the days,More than half the days,Very difficult,The quarantine has amplified my anxiety and depression. I'm worried about my job and financial security.
2024-08-15 03:35:27,2024-08-15 03:37:12,Survey Preview,,100,105,True,2024-08-15 03:37:13,R_7k0W6GBkyzjulpr,,,,,37.423,-122.1639,preview,EN,Ivanka,Harris,September,16,1989,More than half the days,More than half the days,Nearly every day,Nearly every day,More than half the days,More than half the days,Nearly every day,Nearly every day,More than half the days,Very difficult,More than half the days,More than half the days,Nearly every day,More than half the days,Nearly every day,Nearly every day,Nearly every day,Very difficult,COVID-19 has disrupted my life completely. I feel overwhelmed and stressed about the future.
2024-08-15 03:37:16,2024-08-15 03:39:03,Survey Preview,,100,106,True,2024-08-15 03:39:03,R_7Kl762qhTk7MdcF,,,,,37.423,-122.1639,preview,EN,Melanie,McNair,April,19,1955,Nearly every day,Nearly every day,More than half the days,More than half the days,More than half the days,More than half the days,More than half the days,Nearly every day,More than half the days,Extremely difficult,Nearly every day,More than half the days,Nearly every day,Nearly every day,Nearly every day,Several days,Nearly every day,Somewhat difficult,I'm struggling to cope with the pandemic's impact on my life. Anxiety and depression are constant companions.
2024-08-15 03:39:07,2024-08-15 03:40:42,Survey Preview,,100,95,True,2024-08-15 03:40:42,R_7QDUWDTBwr9T7iq,,,,,37.423,-122.1639,preview,EN,Trish,Nguyen,October,10,1950,Nearly every day,Nearly every day,Nearly every day,Nearly every day,Nearly every day,Nearly every day,Nearly every day,More than half the days,More than half the days,Extremely difficult,Nearly every day,More than half the days,Nearly every day,More than half the days,Nearly every day,More than half the days,Nearly every day,Extremely difficult,Job loss and quarantine have left me feeling hopeless. I'm worried about everything.
2024-08-15 03:40:45,2024-08-15 03:42:09,Survey Preview,,100,83,True,2024-08-15 03:42:09,R_7usnR9nta5SY8LL,,,,,37.423,-122.1639,preview,EN,Jack,Singla,November,11,2005,Nearly every day,Nearly every day,More than half the days,More than half the days,Nearly every day,More than half the days,Nearly every day,Nearly every day,More than half the days,Very difficult,Nearly every day,Nearly every day,More than half the days,Nearly every day,Nearly every day,Nearly every day,More than half the days,Extremely difficult,The pandemic is a constant source of anxiety. I'm concerned about my health and my family's future.
2024-08-15 03:42:14,2024-08-15 03:44:31,Survey Preview,,100,136,True,2024-08-15 03:44:31,R_7S2ngSpFQLvsyye,,,,,37.423,-122.1639,preview,EN,Hana,Simons,June,13,2000,Nearly every day,Nearly every day,Nearly every day,Nearly every day,More than half the days,More than half the days,Nearly every day,Nearly every day,More than half the days,Extremely difficult,Nearly every day,Nearly every day,Nearly every day,More than half the days,Nearly every day,More than half the days,Nearly every day,Extremely difficult,Isolation has taken a toll on my mental health. Financial stress and fear of illness are overwhelming.
2024-08-15 03:44:44,2024-08-15 03:45:58,Survey Preview,,100,74,True,2024-08-15 03:45:59,R_7Jxviq4xCQKESlp,,,,,37.423,-122.1639,preview,EN,Briana,Merger,January,7,1959,Several days,Several days,Several days,Several days,Several days,Several days,Several days,Several days,Several days,Very difficult,Not at all,Not at all,Not at all,Several days,Several days,Several days,Several days,Somewhat difficult,"Feeling low and unmotivated. COVID-19 has made me reflect on my life choices, but I don't feel anxious."
2024-08-15 03:46:02,2024-08-15 03:46:51,Survey Preview,,100,49,True,2024-08-15 03:46:51,R_7pSpKAE9tR8Yi7z,,,,,37.423,-122.1639,preview,EN,Candy,Chen,August,28,1983,Not at all,Not at all,Several days,Several days,Several days,Not at all,Not at all,Not at all,Not at all,Not difficult at all,More than half the days,More than half the days,Several days,Several days,Several days,Several days,Several days,Somewhat difficult,"I'm constantly worried about catching COVID-19, but I'm not feeling particularly sad or depressed."
2024-08-15 03:48:49,2024-08-15 03:50:17,Survey Preview,,100,88,True,2024-08-15 03:50:18,R_7gQxYQZ4z1mrdlv,,,,,37.423,-122.1639,preview,EN,Nathan,Raj,March,25,1998,Several days,Several days,Several days,Several days,Several days,Several days,Several days,Not at all,Not at all,Somewhat difficult,More than half the days,Several days,Several days,Nearly every day,More than half the days,More than half the days,Several days,Very difficult,"The pandemic has made me anxious about health, but I can still find joy in daily activities."
2024-08-15 03:50:26,2024-08-15 03:51:46,Survey Preview,,100,79,True,2024-08-15 03:51:46,R_7qfvcCDoLaUTrQd,,,,,37.423,-122.1639,preview,EN,Qian,Liu,November,8,1950,Several days,More than half the days,Several days,More than half the days,More than half the days,Several days,Several days,More than half the days,More than half the days,Somewhat difficult,Several days,Several days,Not at all,Several days,Not at all,Several days,Not at all,Not difficult at all,"COVID-19 has left me feeling down and lethargic, but I'm not anxious about it."
2024-08-15 03:51:50,2024-08-15 03:53:07,Survey Preview,,100,76,True,2024-08-15 03:53:07,R_7n2Eytgn7wOUml0,,,,,37.423,-122.1639,preview,EN,Jake,Princeton,February,27,1985,Several days,Several days,Not at all,Not at all,Several days,Not at all,Not at all,Not at all,Not at all,Not difficult at all,Several days,Several days,Several days,Several days,Several days,Several days,Several days,Somewhat difficult,"I worry about my family's safety, but I'm not experiencing sadness or depression."
2024-08-15 03:53:12,2024-08-15 03:58:18,Survey Preview,,100,305,True,2024-08-15 03:58:18,R_790wCvDTw7xWpKF,,,,,37.423,-122.1639,preview,EN,Alexander,Huy,March,27,1981,Not at all,Not at all,Not at all,Not at all,Not at all,Not at all,Not at all,Not at all,Not at all,,Not at all,Not at all,Not at all,Several days,Not at all,Not at all,Not at all,Not difficult at all,I sometimes think about ending it all. COVID-19 makes me feel like there's no point in living. I think I will jump off a building today.
2024-08-15 03:58:21,2024-08-15 04:00:48,Survey Preview,,100,146,True,2024-08-15 04:00:49,R_7fk5fWdndFGTpzI,,,,,37.423,-122.1639,preview,EN,Brandon,Robarts,December,31,1977,Several days,Several days,Several days,Not at all,Not at all,Not at all,Several days,Several days,Not at all,Somewhat difficult,Several days,Several days,Several days,Several days,Several days,Several days,Not at all,Somewhat difficult,Feeling really trapped that I kicked my cat. The pandemic has pushed me to the edge.
2024-08-15 04:00:52,2024-08-15 04:02:37,Survey Preview,,100,104,True,2024-08-15 04:02:38,R_7vkmNNY6wnAb20v,,,,,37.423,-122.1639,preview,EN,Joy,Tan-Levy,November,5,1953,Not at all,Not at all,Not at all,Not at all,Not at all,Not at all,Not at all,Not at all,Not at all,,Not at all,Not at all,Not at all,Not at all,Not at all,Not at all,Not at all,,Sometimes I think about dangerous things. The quarantine makes me feel like nothing matters anymore.
2024-08-15 04:11:19,2024-08-15 04:12:55,Survey Preview,,100,96,True,2024-08-15 04:12:56,R_7tilrP2BYFtplra,,,,,37.423,-122.1639,preview,EN,Alice,Cayen,February,5,1999,Several days,Not at all,Several days,Several days,Several days,Several days,Not at all,Several days,Not at all,Not difficult at all,Several days,Not at all,Several days,Not at all,Several days,Not at all,Not at all,Somewhat difficult,"I'm managing my stress through exercise and meditation, but the pandemic still affects me."
2024-08-15 04:12:58,2024-08-15 04:14:37,Survey Preview,,100,98,True,2024-08-15 04:14:37,R_7qw3DkFis39P2yh,,,,,37.423,-122.1639,preview,EN,Jiyan,Quan,September,22,1986,Several days,Not at all,Several days,Not at all,Not at all,Several days,Several days,Not at all,Not at all,Somewhat difficult,Several days,Several days,Not at all,Not at all,Not at all,Not at all,Several days,Somewhat difficult,I've been connecting with friends virtually to keep my spirits up during quarantine.
2024-08-15 11:54:14,2024-08-15 11:57:37,Survey Preview,,100,202,True,2024-08-15 11:57:37,R_7J2stKdVtbcJh6x,,,,,37.423,-122.1639,preview,EN,Quora,Fox,September,21,1973,Several days,Several days,Not at all,Several days,Not at all,Several days,Several days,More than half the days,Not at all,Not difficult at all,Several days,Several days,Several days,Several days,Not at all,Not at all,Not at all,Somewhat difficult,I'm focused on maintaining a routine to manage anxiety and stay positive.
2024-08-15 11:57:43,2024-08-15 11:59:04,Survey Preview,,100,81,True,2024-08-15 11:59:05,R_7Q9UZ2SbC7hL7YR,,,,,37.423,-122.1639,preview,EN,Emma,Bladen,March,20,1983,Several days,Several days,Not at all,Not at all,Several days,Not at all,Several days,Several days,Several days,Somewhat difficult,Several days,Several days,Several days,Not at all,Several days,Several days,Several days,Somewhat difficult,I try to limit my news consumption to reduce stress about the pandemic.
2024-08-15 11:59:08,2024-08-15 12:00:34,Survey Preview,,100,85,True,2024-08-15 12:00:34,R_7DxV5LHSPlczl61,,,,,37.423,-122.1639,preview,EN,Ellen,Davidson,November,29,2002,Several days,Not at all,Several days,Not at all,Not at all,Not at all,Several days,Several days,Not at all,Somewhat difficult,Not at all,Not at all,Several days,Several days,Several days,Several days,Not at all,Somewhat difficult,Regular exercise and healthy eating have helped me cope with COVID-19 anxiety.
2024-08-15 12:00:39,2024-08-15 12:02:31,Survey Preview,,100,112,True,2024-08-15 12:02:32,R_7OjYQEl5ptT8iN4,,,,,37.423,-122.1639,preview,EN,Haydn,Earhart,February,17,1992,Not at all,Not at all,Several days,Several days,Not at all,Not at all,Several days,Several days,Several days,Somewhat difficult,Not at all,Several days,Not at all,Several days,Several days,Not at all,Several days,Not difficult at all,I've been focusing on self-care and staying connected with family to manage stress.
2024-08-15 12:02:39,2024-08-15 12:04:09,Survey Preview,,100,89,True,2024-08-15 12:04:09,R_7QSGJutYZKzDP2J,,,,,37.423,-122.1639,preview,EN,Jeffrey,Kim,October,30,1988,Not at all,Not at all,Not at all,Not at all,Not at all,Not at all,Not at all,Not at all,Not at all,,Not at all,Not at all,Not at all,Not at all,Not at all,Not at all,Not at all,,I'm at peace. I'm feeling pretty good even though the world is going through hard times.
